{"cameraMode":{"drawMode":0,"name":"Shaded","section":"Shading Mode"},"sceneLighting":true,"audioPlay":false,"sceneViewState":{"m_AlwaysRefresh":false,"showFog":true,"showSkybox":true,"showFlares":true,"showImageEffects":true,"showParticleSystems":true,"showVisualEffectGraphs":true,"m_FxEnabled":true},"in2DMode":false,"pivot":{"x":-31.494579315185548,"y":-7.942070484161377,"z":21.467815399169923},"rotation":{"x":-0.09527913480997086,"y":0.1312771886587143,"z":-0.013026675209403038,"w":-0.9868263006210327},"size":18.508743286132814,"orthographic":false}